id,first_name,last_name,email,password
1000,Margaret,Brown,ojones@gmail.com,LMY$YTocfg89
999,Susan,Patterson,ahall@yahoo.com,f+h7hWegD61f
998,David,Carlson,bbailey@gmail.com,Kn_vSS)X%1RD
997,Jacob,Cervantes,stephendavis@hotmail.com,&3lAdzNrhax#
996,Danny,Olsen,gardnerpatricia@williams.com,u4*9#JFoQdC3
995,Paul,Williams,xoliver@gmail.com,39_%WElG(yYu
994,Lindsey,Evans,griffinroger@powell.com,^yq3CXlQ4Elw
993,Laura,Gray,vanderson@gmail.com,dv9Gdt8RP^K+
992,Megan,King,melissa28@callahan-moore.com,B*p4pMkN6!Gc
991,Ashley,York,hyoung@gmail.com,!6LpvOfS30yg
990,Roy,Thompson,wadeharry@ewing-wilson.net,*2TLfrj_S2SO
989,Shawn,Diaz,dnichols@hotmail.com,N3^$hBol$OGd
988,Kimberly,Young,jeffreyholt@george.com,fgSaogRo$Uq8
987,Jeremy,Morales,jackjones@michael.com,+o7DNf!xodXL
986,Justin,Miller,carterleonard@yahoo.com,^r1)3uiCqHRG
985,Lauren,Carson,timothyjones@yahoo.com,MR7tUt4g*yv6
984,Jasmine,Escobar,caitlinconley@mcclure-lee.com,^Z%4LQm3i7k2
983,Carla,Smith,kathrynbanks@little-harris.org,P5wMOW$d_G15
982,Corey,Hayes,greenanthony@gmail.com,fo9C!HBsH@%s
981,Janice,Allen,vtran@adams-livingston.biz,V^YfN8RpX1@0
980,Blake,Thornton,olin@gmail.com,8iCMzbzj_tM&
979,Austin,Smith,stephaniesummers@hotmail.com,+7Q3vtRP(v0A
978,Michael,Smith,smithana@hotmail.com,a!JWLc_CuR10
977,Lisa,Dickson,robertshaw@lee-quinn.com,^aCZ6xBJC67#
976,Ryan,Garner,tylercastro@yahoo.com,VwA%MNxGgRu4
975,Colin,Thomas,rmccoy@gmail.com,)gC)2%SuvKKu
974,Victoria,Stewart,mcintoshgary@hotmail.com,)5Bcdh^Q$v)D
973,Aaron,Miles,davidpotter@yahoo.com,Xi7Ft$icU^d3
972,Stephanie,Carter,cantrellmichelle@herrera.org,@slLfeHpG3Qh
971,Sarah,Sullivan,christopher58@yahoo.com,mpOeGWG)9!8a
970,James,Schneider,mary92@gmail.com,WjE%NSoFbY86
969,Melanie,Lewis,lisakirk@gmail.com,_(9^I_D!9t+g
968,Alexis,Arroyo,bakereric@mccoy.net,&r1Q!(j8wW@c
967,Jerry,James,hadkins@hunter.biz,Qm#^aDuXri7Q
966,Scott,Wilcox,foxemily@schmidt.com,^9!ZCnq#J)lX
965,Ronald,Wallace,robertmclean@bennett-valencia.com,YE0jjgvO7*AT
964,Barbara,Murphy,jennaarmstrong@phillips-kennedy.com,K9FKZ!zo$Ip$
963,Lawrence,Casey,owenszoe@walls.com,(4exd*HIlZPR
962,Anita,Landry,moorewendy@hotmail.com,sf$RJ5Lwb141
961,Jorge,Hanna,freyes@livingston.com,h8S*m#Ou#1P@
960,Susan,Mcclure,cookfelicia@yahoo.com,%K*3VvjuZBV4
959,Christine,Barton,clee@bell.net,_n5EVcS1#7D$
958,Katherine,Holden,elizabeth15@leach.com,ky6Ajlf&!6X1
957,Sherri,Taylor,matthewfreeman@mcguire.info,^2I0$cHx#wQN
956,Peter,Stafford,kylemedina@yahoo.com,RZshG&rb(8MM
955,Briana,Marshall,oscarbuchanan@perkins-mitchell.com,NLO@ZViUg+l4
954,Melissa,Burnett,peckkyle@hendricks-nelson.com,AT&NZ2phV@4E
953,Michael,Rodriguez,carlsoncatherine@yahoo.com,i@qiF8!f8Gr8
952,Aaron,Caldwell,rhondamartinez@carroll.net,iJ)7BNsrITic
951,Lisa,King,edwardsjerry@richardson-lee.biz,99ENUzj2#Euq
950,Thomas,Taylor,reyesderek@mcguire.info,+af4%Y7ujaGX
949,Randy,Foster,silvanathan@gmail.com,qj6ML0yR9^0*
948,Edward,Perkins,adamhorn@yahoo.com,w@BN*_Ve%G7r
947,Robert,Smith,ryan97@jenkins.net,Tl4AO$St@65Z
946,Jeffrey,Rivera,kimberly71@salazar.info,Q_wSnnRI7e0L
945,Javier,Howell,derrickwilson@hotmail.com,B+Rdo5HhhpCn
944,Katherine,Nunez,christopher75@santiago.com,_$9!KzudaGeF
943,Courtney,Martinez,leeerin@gmail.com,$2MI2sCQ8D8i
942,Patricia,Gould,woodwardrose@hill-crawford.info,&jQOG&Pm9cSu
941,Frank,Hansen,roy33@griffin-ellison.com,3@qDppAY#Jl+
940,Paul,Lucas,gnolan@klein-wilson.com,rx)B9%Ci6n7Y
939,Heather,Hunt,imcknight@meyer-ramsey.com,7gAHb+7*#M^1
938,Devon,Carter,ymcfarland@davis.com,5&WkjwWep$5n
937,Anthony,Lawson,michaelblack@fletcher-murphy.biz,@t4)PJh^tgM&
936,Alicia,Smith,crosbymichael@hill.com,PnY_uoy#$9JW
935,Julia,Farley,ovillegas@hernandez.com,j$z5NjmPCkwa
934,Hannah,Smith,qpayne@gmail.com,$U7GQAyA)+De
933,Kristina,Smith,mark17@gmail.com,VC7FyTj2I$10
932,Angela,Humphrey,njacobs@yahoo.com,%B)c9DPcS_05
931,Daniel,Mcdonald,tford@gmail.com,(TZqyr!8)O6E
930,William,Novak,kduffy@tucker-goodwin.com,ohzQ@Mqc_^!4
929,Johnny,Harrington,webbsteven@chen-davila.net,fK2*@Tto&)fX
928,Chris,Black,colleenbradford@lewis.com,Vcbz)5KlH_tS
927,Jason,Howard,mercerbobby@fischer.com,!#VTBc)M(7i+
926,Elijah,Green,blanchardwilliam@thompson-robinson.org,cbg2ZDjj^*2R
925,Derek,Valentine,palmeramanda@kelley.com,&180kCCt)MSj
924,David,Pena,clarkmario@hotmail.com,B*86K81iqD@d
923,Suzanne,Burns,joneslisa@johnson-gonzalez.info,TAwl2T3kU))9
922,Benjamin,Martin,ianderson@yahoo.com,(!9jKgtyl_#J
921,Tracy,Hinton,jay45@tucker.info,#*ZP$VqySi5v
920,Amber,Durham,lisabates@gmail.com,%&w9qVUc0UFG
919,Maria,Powell,robertcollins@williams.info,Rj0Xd!C_jY@S
918,Daniel,Elliott,hjohns@gmail.com,^0WOiSTqaE+D
917,Pamela,Mercer,kbernard@frye.com,$H7)8$oiq#wo
916,Tyler,Weber,daytina@gmail.com,A#A6sqKs!1rH
915,Paul,Riley,david42@gmail.com,P6A68aOkD2(N
914,James,Stokes,lisaphillips@hotmail.com,rPW7kAtdN*5D
913,Mark,Andrews,alexandria28@lopez-scott.com,#*p6E$!hoz3f
912,Adrian,Doyle,michael16@wilson.com,+^Qlg*Uc28&j
911,Donna,Leon,michaelglass@yahoo.com,y)k&GWBx0((8
910,Charles,Carroll,robertsxavier@church.com,OA1VdUUbV7&%
909,Jennifer,Manning,xavier69@foster.com,9%w)toHC&IGC
908,Elizabeth,Rocha,esparks@lopez.net,_X6ZswH7x^P$
907,Nicole,Rowe,richardsonmatthew@shah-johnson.net,+M!80Mh84@C2
906,Sean,Lamb,maryhughes@small.biz,&UP7DEw355^m
905,Rachel,Foster,justinkim@hotmail.com,g+Z4KHce%z6X
904,Jessica,Taylor,ncampbell@powell-mccullough.com,p6f0M3frY_K+
903,Shannon,Jones,john85@gmail.com,!v5uIdwsshw5
902,Timothy,Mckinney,zwalsh@paul-griffin.com,(6DZvbPb39XF
901,Scott,Davis,marilyn14@liu-snyder.com,K^mg!5Ou$&CW
900,Debra,Kirk,carsonjessica@jackson.com,K8HwS@7D*iOf
899,Cheryl,Reynolds,anthonycynthia@alexander.biz,Z*#9laArAk1$
898,Nicholas,Estrada,debbieshields@ball.com,@@3mU_DR!ZXy
897,Sheila,Young,zgutierrez@martin.net,$2AyyNHwz#bR
896,Steven,Martin,josereyes@king.biz,wtb0yZ3n4%11
895,Theresa,Williams,erinmyers@anderson.com,8FR3SqvE!%Ou
894,Tyrone,Oneal,laurie34@butler.com,_07AwBK)W!9I
893,Lindsay,Barker,alewis@gmail.com,TlL1WgbC*mm)
892,Manuel,Hernandez,gary61@yahoo.com,c2cuB1WKqYU(
891,George,Mccoy,misty16@hotmail.com,m#)uwy%o+Y1F
890,Edward,Butler,perrycatherine@may-hall.com,JYh3cL4xtK+0
889,Susan,Wheeler,alyssarichardson@yahoo.com,*w7joVxckL(2
888,Justin,Murray,hooverdavid@cooper.org,@1Bd84Rh9CQD
887,Samantha,Wood,qsmith@martinez.com,DH9ZDeTG&J8c
886,Aaron,Hudson,james78@bradley-rosales.info,%4DNO+ulgdm5
885,Paula,Crosby,brooke16@farrell.com,R)R1zNGv()fH
884,Austin,Gray,omolina@yahoo.com,!3W&0BKD8koQ
883,Christopher,Brown,brownlauren@hotmail.com,*8NXqWH&#!)e
882,Kayla,Whitaker,kimtyler@haynes.biz,@4kScvAV7$Qu
881,Brianna,Gray,valerieallen@pratt.com,z@E#8SsoEE3P
880,Nicole,Hurst,joshua24@martinez.com,6JkQdqc(J7x*
879,Jenna,Hood,dennisjohns@yahoo.com,+4Dth5epMC5x
878,Ryan,Peterson,mark01@prince.com,v2*7CS!geHw#
877,Jesse,Harrington,pwhitaker@miller-sanford.info,r^d2tQHl9zti
876,Allison,Schmitt,alexandria01@gordon-young.net,ssJEUq1o#1On
875,Allen,Martin,sbonilla@hurley.net,734Sfz1H)pYT
874,Linda,Meadows,adam29@humphrey.org,^@#5B(rNoFMI
873,Laura,Phillips,melissa31@hotmail.com,Z+3bdP_az^OK
872,Charles,Lawson,michellewalsh@yahoo.com,%qYTc%ac%7Ux
871,Mary,Elliott,natashajones@gmail.com,RbK21^u6(6Pw
870,Nathaniel,Lopez,michelle08@gmail.com,b(X8UUU1cg*_
869,Mary,Yates,michael72@gmail.com,)9BvJq_wIp&+
868,Morgan,Cooper,ryan42@hotmail.com,i+S0PmjS!C9)
867,Crystal,Castro,howardjoyce@gmail.com,&6KK3KtGw2i1
866,Hunter,Lynch,michael42@gmail.com,)T4EgZrbHc3G
865,Ashley,Diaz,jeremy37@gmail.com,0UUYU#j&@UiD
864,Holly,Shepherd,timothysmith@gmail.com,B3g&mBrx)sH1
863,Robert,Johnson,barbara36@gmail.com,)qS1M&ZmQ5ML
862,Juan,Howard,ybeasley@hobbs.org,MNS!9JuIU4R*
861,Melissa,Beck,karenscott@gmail.com,+Vomvs#l1zPb
860,Shirley,Rodriguez,natalielopez@martinez-burgess.com,!%c46Ds^1+s8
859,Laura,Parrish,eochoa@gmail.com,14jP)1u7p%Z(
858,Christina,Lawrence,kingjoshua@mercer.com,k*P0X2ysG1mE
857,Gary,Austin,millerjoseph@sutton-lee.com,$6eUPicKeeOT
856,Michael,Young,harrisoncharles@yahoo.com,5BTi!p2bVk+E
855,Tonya,Gonzalez,stephaniewhite@johnson.com,2Z3#3Gs!8NeZ
854,Angela,Carpenter,pyang@martinez.biz,)QPa03)q@ac9
853,Ebony,Butler,icampbell@gmail.com,@5KPoUhxQTRV
852,Richard,Wade,roberta43@williams.com,&Uq3XXpJrTUn
851,Amanda,Blackburn,pgreen@cisneros.biz,Wu61)jFz*frV
850,Eric,Harris,mhood@gmail.com,YJ31fdB0V%Oh
849,Tammy,Hernandez,smithtaylor@cooper.com,&%GV3UgrvQAx
848,Michael,Bell,walkertonya@yahoo.com,3@GTw2oEc+23
847,Tracie,Gray,john44@patrick.biz,$@J$sHMbZ+9C
846,Louis,Montgomery,ijenkins@gmail.com,*5Qh5Vbah8en
845,Christopher,Ruiz,qglenn@hotmail.com,YhG*0NuomZ+f
844,Hannah,Rojas,yrodriguez@rodriguez-may.com,_Z0sQ2eiX%IQ
843,Barbara,Martin,brittany54@gmail.com,A_LfPF5G35L@
842,James,Gilbert,halescott@gmail.com,$(9#S0KoqSp@
841,Mark,Ramsey,ashleyhart@yahoo.com,nbBuFPIq)M%1
840,Amy,Snyder,juancoleman@henderson.com,A+hL*67x$E8b
839,Katherine,French,raychristopher@yahoo.com,tR*4U#cFkkl@
838,Kevin,Davis,gloria70@hotmail.com,$FuAl2TaK6&5
837,Jeffrey,Schneider,jeremy87@lopez.net,r@7&stBHPxV@
836,Jennifer,Gray,adam00@hotmail.com,0jF5Xy^+iM^7
835,Faith,Wall,vhudson@bridges.com,ri87cDyRD&5o
834,Jessica,Taylor,jeremy92@gmail.com,my0Zb_yL&XzC
833,Jeffrey,Johnson,kathleengordon@hotmail.com,CwFisoAev&74
832,Michael,Barajas,rvillanueva@hotmail.com,F#!(FX$c!a_2
831,John,White,mwilliams@myers.com,eM54IjFqTni#
830,Brandy,Bentley,micheleparker@martinez-turner.com,Fz5aNTB^^8ek
829,Joshua,King,joseph04@burke-williams.info,h04UZOiurj#6
828,George,Owen,matthew59@hotmail.com,#475J84eh(Wy
827,Joseph,Phillips,cmarquez@yahoo.com,@hnuH7Kcb06i
826,Jessica,Smith,zrivers@mills.com,$8*AYxH&^koq
825,Sarah,Alvarado,hsherman@simpson.net,eXv&6!Nhyu#t
824,Krystal,Cortez,lisa26@yahoo.com,*7UhUdrs@8MI
823,Alec,Taylor,josephvaughn@gmail.com,UyuD3uL5F!!8
822,Daniel,White,rdavis@stein.com,M)!bHQwnQXA0
821,Christopher,Ballard,hamiltontaylor@chavez.net,CQIHD(Cr@6^6
820,Kathleen,Freeman,melissa36@blake.com,vrC$PpEcv62#
819,Jack,Kramer,zimmermanjeffrey@bryant-maldonado.com,+_0Ybiym4i0U
818,Brad,Barrett,juan04@smith.com,&qTyFiqm&83s
817,Lisa,Nelson,thomas72@gmail.com,tk(X_fu17@80
816,Susan,Cox,ustokes@hotmail.com,1D0sbqKb#yPS
815,Julia,Willis,garymartinez@chavez.com,^U!H!+Qkxdd6
814,Nicole,Ballard,erikjones@scott.org,kArZ^^Ih!5Ai
813,Melinda,Morgan,erika62@mcclure-ward.com,H59OUSE+#pP_
812,Anthony,Powers,teresacox@gmail.com,+%78dSgIq8dF
811,Aaron,Richardson,douglashudson@owens.com,e)e62KaNlIEF
810,Christian,George,diazamanda@clark.com,&7mPDpYdyl01
809,Maria,Davis,robert57@ray.com,3p2VdGCb2@m6
808,Drew,Hanson,carrkelly@hotmail.com,!ZtUAoDzr546
807,Mike,Harris,bcabrera@gmail.com,30^4Vm6U^fA5
806,Bonnie,Garcia,nancy25@hamilton.com,)2b(TwM&cXNg
805,Vincent,Sullivan,njimenez@cannon-holt.com,$5Iwkzjym12d
804,Megan,Smith,joshua19@hanson.net,vjT)FSyBQ0MA
803,Diamond,Jarvis,millertodd@bowen-warren.com,W!63Hp7oVGz9
802,Jennifer,Yoder,carrollvictoria@lopez-byrd.com,B7nnQ17Q!5Wa
801,Helen,Howell,benjaminveronica@gmail.com,@Nt5#szCtn$Q
800,Taylor,Stephenson,webbglenn@wilson.com,rDB(^L5c91_s
799,Timothy,Martin,georgechristopher@yahoo.com,(P85GY^y!Fo8
798,Jay,Wheeler,kingrodney@blackwell-pugh.com,KQ_0YdiI(7T!
797,Robert,Davis,gerald30@yahoo.com,VxckdNHd_372
796,Drew,Benson,pmurphy@gmail.com,5b0Y!ntj(+Y1
795,Amy,Nixon,shannonlewis@hotmail.com,8hzMyOVk)0hV
794,Jasmine,Davis,stacylopez@yahoo.com,W_UJbkUbMZ7F
793,Thomas,Wilson,jessicajensen@bell-harris.org,(sH0)CaQ#4Sm
792,Gail,Johnson,williamdavis@yahoo.com,AP@M9NqSW_bD
791,Levi,Murphy,elizabethhall@juarez-flynn.info,)Q3ko^a7t8*N
790,Philip,Hughes,scottcole@yahoo.com,0v8YjZjmpI$#
789,Chelsea,Anderson,carterapril@chambers.com,e02wjOtZ(oxG
788,Kristi,Wang,markmiller@gmail.com,(!8VGQs22fAF
787,Eric,Thompson,bochoa@hotmail.com,#T7ajflLr5EB
786,Julia,Lane,garrett60@norris.com,!6PsYb*CtrIf
785,Melissa,Guerrero,david92@gmail.com,)Hk1Psw6QZQ!
784,Gregory,Parker,lfields@sanchez-brooks.com,1DvWMj4U)v5y
783,Melissa,Thomas,lunaeric@yahoo.com,^%SRXDgBmN4V
782,Mark,Reyes,bestvalerie@johnson.org,*DEYdPCu+7Ib
781,John,Burns,mcdowelldeborah@hotmail.com,4Xo$rzAafcVF
780,Rachel,Simmons,alan90@gmail.com,%M*LzhXGgB12
779,Emily,Meyers,briana83@yahoo.com,l+DlzV)xYq21
778,Nicole,Ellis,vgarza@hotmail.com,gkycQM%W$6Kj
777,Sarah,Webb,nrose@wheeler-robinson.info,x(4@#U_s)GTD
776,Stacey,Mitchell,xfisher@lang.biz,oIROp8EoF$3A
775,Amy,Ellis,hbrown@gmail.com,oGQlVfxRhE!7
774,Tina,King,barnesmargaret@sweeney.com,%Y$*YB_l8yAB
773,Austin,Walter,scottsmith@hotmail.com,ah6piW0u9q$0
772,Angela,Alvarez,frank71@hotmail.com,IL)#yNeG6cD3
771,Brenda,Fry,shawjohn@yahoo.com,@S%g2XOn#MbP
770,Ashley,Buckley,andersonnathan@wolf.com,txW*rFgz7@61
769,Timothy,Warren,mayotodd@ryan-montoya.com,cB&O18MdY)r!
768,Alyssa,Garza,jdoyle@orozco.net,!4#Lci^7+w^G
767,Steven,Torres,iatkinson@barr.com,czB&TWS^H%47
766,Scott,Anderson,gjohnson@gmail.com,&3F@hbRlzK6u
765,Donald,Ryan,lindasalinas@lopez.org,&73FuH5ycVP_
764,Larry,Barry,angela74@james.com,3wB^6Cse()fs
763,Matthew,Wheeler,kcarpenter@hotmail.com,$QKwQp7l2l1%
762,Adam,Santos,wardchristopher@gmail.com,V+bL*)Ij)X0U
761,Karen,Malone,hblack@salinas-miller.com,bb@jUScb*7AC
760,Jennifer,Greene,dominicwright@sherman-tapia.com,rl8f13NB)8uG
759,Joshua,Castro,amanda13@nielsen.org,)8627YywslsW
758,Kelly,Hall,lrice@miller.org,P*7G%Waa)nRX
757,Richard,Harrison,stephanie83@gmail.com,Ob#1T9HoV7k^
756,Kimberly,Smith,michelemadden@phillips.info,p#r8YGccd+fU
755,Jason,Schultz,ssmith@hotmail.com,+yE%UuGpu8Hu
754,William,Cross,evanslinda@hotmail.com,T!3j_WvierWO
753,Nicholas,Fisher,spencertara@downs.info,^d!A#sMt(%4v
752,Tracy,Martin,zgarner@gmail.com,Y$)&AlhaKvM9
751,Javier,Martin,matthewmcdonald@montoya-ellis.com,#Y5mWT5pS#$0
750,Kimberly,Gutierrez,scott06@gmail.com,g2iIMhV6_i03
749,Christopher,Alvarez,larry07@yahoo.com,&GS14n(uqGrU
748,Christine,Thompson,yfarrell@hill.com,@(u*ggQr81@n
747,Karen,Munoz,stacy26@hotmail.com,a$6wVty8ZiQO
746,Katie,Buchanan,reevesalexis@yahoo.com,2RHYMmPh!3%a
745,Candice,Cantrell,whiteheadbrandon@bennett-parker.com,&ziEQf+wT0pE
744,Victor,Turner,oavila@washington.com,+HfWv_Ycky4*
743,Samantha,Fisher,brooksdanny@smith.com,#3z0AHhZbEvz
742,Eddie,Carter,ereed@morris.com,$$8cCWebzh&r
741,Robert,Long,jpena@daniels.net,3sMLDWeyOm*7
740,Melissa,Duncan,ureed@gmail.com,C1sPsCCu(kEj
739,Sharon,Osborne,peter02@daniel.net,&fR)AD&o9X2W
738,Scott,Carey,rebecca27@lopez.biz,5%4yjCOd#xWv
737,James,Spencer,kevin00@rodriguez.com,*_0*cWZi*&$6
736,Brittany,Lopez,baldwinjeremy@smith.com,&kR(0t8zV31j
735,Linda,Shaffer,gmartin@yahoo.com,JG@6H_xliO_%
734,Valerie,Reyes,qfranklin@hotmail.com,GkT8rK#b!Z57
733,Daniel,Golden,taylor75@sullivan.info,%f7B43#y(X*k
732,Michael,Velazquez,edwardshannah@jones.com,#gWXxY$8XZ79
731,Samantha,Collins,rachelgarza@gmail.com,m3O)O4KgU9Cl
730,James,Marquez,herrerabrett@mills.org,#7Nh4ktjh+GC
729,Lori,Cain,ekramer@carpenter-carroll.info,w5KoTbMX6u#z
728,Taylor,Chambers,lwalker@hoffman-irwin.biz,vd9EoKhu^cc!
727,Victoria,Ochoa,patricia72@hotmail.com,RsHu_z4Z)e01
726,Edward,Knox,jill28@gmail.com,84(SWaBc*lVc
725,Tara,Nelson,melissafranco@campbell-thomas.biz,cJ1ZlBaF@2Sh
724,John,Beck,abrown@gmail.com,54lHpp4A(ATe
723,Amanda,Roman,ruben50@yahoo.com,+$V9hqWzQgKf
722,Mia,Berg,lindsey92@yahoo.com,bs$B8Bh#o(b$
721,Patrick,Jennings,marcus76@wells-carey.biz,@31y6Rf5%B14
720,Jeffrey,Rodriguez,hjohnson@gmail.com,wH)s7Ira9I**
719,Brenda,Miles,stephaniesanders@hotmail.com,l612VPn&@kGd
718,Margaret,Lowe,lisashields@stone.net,&QaLsjjNO4D4
717,Jenna,Clark,bbarajas@chan-simpson.com,QoG58PPVj)XE
716,James,Robinson,kristibartlett@gmail.com,o1U4FUbai&1k
715,Kimberly,Grimes,frich@miller.com,!%6GN(bDIcM(
714,Jennifer,Myers,julie09@hull.com,kF6A+jE#k*U+
713,Gregory,Mitchell,ericsimpson@yahoo.com,2QrPjnAZ&Ns5
712,Heather,Thomas,rasmussenmarie@hernandez-leonard.info,W982uTwoM%2l
711,Jennifer,Solomon,karenmontoya@green.com,4v2Ofn#yzVi@
710,Jeremy,Dennis,jacquelinejohnson@hoffman.com,07N2Q6xt(Z3B
709,James,Miranda,odavenport@stone.com,^_5t&PxGl8iv
708,Adrian,Kelly,douglasdunn@hotmail.com,2YO(%sTO@5F+
707,Ryan,Graham,deannareynolds@gmail.com,48#r2xAq7d8k
706,Katrina,Chen,johnsonmelissa@gmail.com,bZ%7o&Xn4R!K
705,Alejandro,Flores,vkey@hotmail.com,W!WMN_n9lN4X
704,David,Deleon,osmith@jackson-copeland.net,x@26TU2zep%F
703,Meredith,George,thendrix@herman.com,^R%ZF$yeaS9_
702,Jill,Lee,robertjoseph@hotmail.com,80CPzgEm@ssl
701,Dylan,Ray,cyang@hotmail.com,1wUE$U5D!XTw
700,Jennifer,Murphy,lucasjohn@lee.com,dALl#dbOU+0^
699,Ryan,Flores,lowekelsey@yahoo.com,07J#Fvrl^J9P
698,Sandy,Franklin,thomassteven@gmail.com,I#^VsZDtgD0r
697,Bridget,Ramirez,maciasbrian@gross.biz,$y)Ue!(z_2KO
696,Samantha,Sanchez,wadams@williamson.com,o&1jjDjLqQCp
695,Michael,Hunt,fordjoel@martin.org,KU6MbsP6Q*L)
694,Deborah,Gordon,jtran@yahoo.com,@6FgIkmfilbt
693,Lindsey,Clark,beckycarroll@yahoo.com,_332DYbk*B37
692,Wanda,Owen,bennettshannon@hotmail.com,^n3Fkd#1zKhE
691,Brent,Carpenter,yharrington@vance-salas.com,#3L88dp#Fx^9
690,Jose,Garrett,lynchdenise@yahoo.com,CP#pA#pn!+69
689,Courtney,Williams,cynthiagarcia@gmail.com,WC9b_t)P^@CX
688,Aaron,Franklin,taylorbrandy@carson.com,gw8X)uuc^0GS
687,Bruce,Jones,weberalice@mejia.com,!*86lZlq$nIV
686,Craig,Ruiz,eward@lopez.com,*66mTRUg(6x9
685,Austin,Combs,wmathis@gmail.com,@NSqob8Pd3mN
684,Bradley,Bean,miranda32@parker.com,lZGWAsLj#3SB
683,John,Griffith,brittanyhicks@leon.com,FWU4zPf8DmX&
682,Jennifer,Wright,dyermichael@yahoo.com,duA!39)n*$3N
681,Nicole,Brown,emoss@leonard.org,1*^9gAut$%AE
680,Kendra,Welch,carrollcameron@gmail.com,%1Go^*pEKVq(
679,Kimberly,Jordan,zbarrera@hernandez.com,F+%TaW3hI%3v
678,Thomas,Obrien,jesse92@jones-gallagher.com,VPk%fYykRF#6
677,Kevin,Ruiz,huynhmiguel@lee-morrison.net,)Kv2kPZK7kXN
676,Derrick,Casey,leslie10@hotmail.com,)v4wmq@W+8M#
675,Jacqueline,Jones,christopher93@kelley-landry.org,D9F#_iNc@0FB
674,Jessica,Davis,boyleandrew@hotmail.com,z%0lc#jL2!PB
673,Jonathan,Martinez,hhicks@taylor-hodge.net,TP(Q+^zn(e74
672,Justin,Keller,emartin@hotmail.com,%Bq#%1uwP%k0
671,Heather,Casey,moralessamantha@wells-ayala.com,1n_trPs3a_9K
670,Darren,Allen,jonesholly@gmail.com,meYC+qCQn8x$
669,Laura,Martinez,kellyhayes@yahoo.com,*9E*z%9+fF90
668,Cheyenne,Williams,fharris@hayes.net,*7jJB!feNbwG
667,Karen,Farrell,jbrown@knapp.com,a67IWkcl@$+F
666,Tammy,Long,tmiles@yahoo.com,J(bJFkxepc82
665,Brandon,Cox,katherinewiggins@yahoo.com,F9dCY@dv!u6W
664,Lisa,Moore,christopher78@gmail.com,@kn73pPiV9bC
663,Jeremy,Garcia,spearsjessica@russell.com,it(c!)Po4fN7
662,Rita,Powell,eeverett@hotmail.com,!JddK6OtoW7c
661,Lisa,Holmes,andrea92@hotmail.com,X#7ACTxgTex0
660,Nicole,Walter,todd06@hotmail.com,2Xfu1FbiT)!B
659,Michael,Hall,smithfrederick@yahoo.com,+M1LjWmi+^MO
658,Samantha,Reed,adamsnancy@gmail.com,XgnzG!ck!7I^
657,Harold,Long,david01@hotmail.com,vn+snnvAi^6T
656,Mary,Mitchell,vgraves@thompson.com,w83hyVkx(u2J
655,Jason,Johnson,deborahmarsh@hotmail.com,_0rQrqy(Cd)A
654,Kristopher,Pruitt,tonilarson@gmail.com,%H2%X*!wu%ik
653,Maria,Cole,anthonythomas@gmail.com,ezORJ#Ux_q69
652,Jason,Horton,mcdonaldemily@gmail.com,_jKz@znv^7$P
651,Melissa,Young,xrodgers@hotmail.com,z8*84jLlc+8N
650,Jennifer,Williams,bookerbrett@gmail.com,$f*4gGCh$!+%
649,Caitlin,Bridges,paulterry@yahoo.com,0*FH0Zfs+pKn
648,Donna,Harrison,jonathan37@yahoo.com,^p^N0Rzl2!&e
647,Sarah,Larson,brittany63@gmail.com,)lY^ri91K5gg
646,Justin,Flores,nguyencynthia@hotmail.com,75ptnLzn%c+R
645,Kathryn,Rosario,cowens@hotmail.com,18m6HR3cJ_QF
644,Tyler,Sims,paulevans@bailey.info,))l5IirFJ2Gg
643,Heather,Castillo,xstewart@brown-morgan.org,^3U!*mE)Ohmt
642,Steven,James,jessicaroberson@hotmail.com,6T(*kGPg228O
641,Dustin,Payne,doconnor@brown.biz,8gKQNG$le6M*
640,Amanda,Holmes,anthonysmith@gmail.com,$vAywkJ467C)
639,Kristen,Montoya,kylebarber@yahoo.com,_o*YnW0Jt6+i
638,David,Vargas,cynthialee@steele.net,^#GMczz01N5B
637,Lindsey,Williams,lindaward@wallace.com,23JBQl#V#zW*
636,Jeffrey,Hunter,bchapman@walker.org,%6HyqHQU$wX4
635,Deborah,Vaughan,eray@garcia-bates.info,cA8EAMti9+0L
634,Samantha,Ashley,james50@brown.com,#u*QuzW6A1Hx
633,Cynthia,Cooper,garyparker@wilson.com,%6+2@ciIeZ!T
632,Gloria,Anderson,harmonjoseph@goodwin.com,rC(hFOMnor7m
631,Kristen,Rivas,jill53@yahoo.com,0yQ5uX*n^6hD
630,Phillip,Clayton,santiagocassidy@hotmail.com,)8cChsQSLF9m
629,Amy,Johnson,amanda56@yahoo.com,I1K4RMOr!_8D
628,Terri,Pope,danielsmith@gmail.com,%0C6ThHAX&jV
627,Jacqueline,Andersen,michelestanley@hotmail.com,@H3u2)iL*1AO
626,William,Evans,patriciaburke@hotmail.com,a80BYK6a&u@d
625,Laura,Wells,mgarcia@gmail.com,a2yNroiD(5!U
624,Nicholas,Gutierrez,stephaniegordon@reed-hicks.com,pF5g+svOr^9V
623,Jessica,Martin,dcooper@yahoo.com,IR+fwknQLa0S
622,Donna,Chen,michaelgregory@yahoo.com,TdKx&ZEJ9G(X
621,Sherry,Hunter,sarah33@davis.com,^%o)fUpag8kN
620,David,Pace,davisann@hotmail.com,(2F#TJr3QjdZ
619,Joseph,Santos,wilsonbrandon@gmail.com,&3DF3gzXs0Qr
618,Denise,Jones,duffymarc@everett.com,2f@L2hLYB%4H
617,Drew,Greer,jennifer31@lewis.com,M*KFBcbxC17y
616,Yesenia,Bauer,hawkinskelly@yahoo.com,$+C7Qj4XAJ_Y
615,John,Mathews,jhamilton@hotmail.com,Ww@!*Tdc@3Tq
614,Margaret,Cook,harriskaren@gmail.com,rAQo3geH!2Tj
613,Teresa,Boyd,xlewis@gilmore.com,^77GTiTI%6Ix
612,Lisa,Russell,barbaracampbell@morgan-holmes.com,)W2H5zoF9R4^
611,Robert,Martin,houstonbrian@gmail.com,Lp6bLcwV1l)5
610,Angela,Boone,gutierrezjeremy@hotmail.com,jh+YrJax54Is
609,Holly,Meza,scott22@duran.com,4R#$qLz0N)7a
608,Michael,Rogers,jamesmartinez@mendez-palmer.com,&f3ZVo0X(^4U
607,Gregory,Farley,allison53@adams-harrison.info,Py)JOepdR89M
606,Bridget,Bradford,kristireyes@gmail.com,2N_2JrJHu6bt
605,Michael,Moreno,wlove@schultz-maynard.com,^hKtA*86$1@M
604,Joseph,Taylor,montoyajames@gmail.com,EhkYjjVy_9dd
603,Jonathan,Foster,stephanie79@hotmail.com,_HE4JHIs3y(_
602,Michael,West,taylorjames@yahoo.com,6tO+3IKL)2^U
601,Gregory,Bush,nrivera@yahoo.com,gGv(&H1!!6Y8
600,Kathy,Scott,meghanwilliams@jones.com,88@jfqhXt@0L
599,Kim,Hall,deborahcortez@yahoo.com,$)2JDshV7cpD
598,Catherine,Simmons,christopherkent@gmail.com,A!SsjdlH)v8W
597,Jason,Howell,kelsey89@carlson-price.com,f^OU8tYMHyjZ
596,Andrew,Valdez,gutierrezdavid@moreno.com,3reHxHk&+EPr
595,Christine,Cooper,ericmartinez@gmail.com,$QURXdY()@2Z
594,Michael,Martinez,broberts@lane.org,^2n^FUvwnLoC
593,Rachel,Reyes,amanda32@gmail.com,*y6P4!un_I+J
592,Dawn,Gross,linda11@rodriguez.info,fJ%h6_WiK^PC
591,Bryan,Orozco,david70@taylor.com,luU6VvEv_&gA
590,Cindy,Harper,harrellscott@gmail.com,*)DEtChZ0YWF
589,Richard,Hughes,mckinneyandrea@lewis.com,w4GKGcnw#Gbs
588,Jessica,Grimes,ecollier@gmail.com,$+zrlSJ^p7T6
587,Willie,Stone,patrickgonzalez@robinson.com,O)9iMcxJ6NLe
586,Amy,Haley,jthompson@jones.net,B#20r52gfEZI
585,Wesley,Crosby,ejenkins@parker-garrett.com,l60F!SCo^DQp
584,Kelsey,Reyes,ltravis@gmail.com,Km^@5IcW##OB
583,Matthew,Clark,jimenezcharlotte@gmail.com,o+r6Q2MfY^x9
582,Joseph,Cooke,ndowns@thornton.com,yjy1E@fRP#ii
581,Michelle,Stafford,marco53@williams.com,&0lYw)Gz&(Zp
580,Wanda,Chen,markslance@gmail.com,w8##mMf0!z1K
579,Timothy,Jackson,solisrobert@gordon.net,@679PkhHxt#c
578,Samantha,Fischer,diane44@hotmail.com,!Y1@eDri^!in
577,Kevin,Edwards,brownjustin@yahoo.com,!p)kLuYY9$Ae
576,Christopher,Burgess,aguirreedgar@yahoo.com,)E4fKZTKn43D
575,Donald,Werner,susan14@gmail.com,4Yxstxr4$8sk
574,Brandon,White,lorisnow@hotmail.com,#hTp!baZBCe2
573,Taylor,Nelson,laurawolf@gmail.com,$2CCvqvdHIBN
572,Heather,Gentry,morrissarah@gmail.com,W%5GpTqb)n^p
571,Stephanie,Robinson,annabuckley@oconnor-coleman.com,Iw0FHtxTNY!0
570,Lisa,Williams,ekelly@yahoo.com,%V1u%Mc&iNDM
569,Victor,Miller,cynthia28@gmail.com,_l2Q8^Bw4m8A
568,Anthony,Archer,kimberlyharris@yahoo.com,QGTepYsR$xF9
567,Sarah,Roach,shannonmann@hotmail.com,$C1F26mYTk&9
566,Lori,Wright,michelleblake@brown.com,JcCdNFqT%9xI
565,Charles,Johnson,debraobrien@yahoo.com,EabsVSa9x^@6
564,Sabrina,Jordan,allenshane@yahoo.com,#5NXkZ2u01iS
563,David,Kim,melissasimpson@hotmail.com,*8)9boqYfYEH
562,Brian,Howard,myerspatricia@hotmail.com,Al$^@1WcBi(5
561,Robert,Morris,gabrielpratt@reynolds.info,Ve4PqssZ!EhE
560,Samantha,Gray,douglasnelson@yahoo.com,742eRZ0x*89M
559,David,Walker,sbass@washington.com,h*CJgqU+_6Pz
558,Shane,Miller,jonathan85@odonnell.org,go5GnES!+qhV
557,Melissa,Gardner,tracysmith@cowan.biz,%dTq+o(N8Z09
556,James,Meza,obrienedward@meadows.com,jANy8Evu_7t&
555,Travis,Fletcher,thomastanya@hotmail.com,9r3Haj3e%%AW
554,Joseph,Bautista,cherylchase@yahoo.com,^9rtNRipHPSL
553,Kenneth,Allen,hayneslatasha@gmail.com,2mFSF&4y)1pP
552,Kayla,Wallace,mgreene@farrell-francis.net,IVV9MNmaVR^m
551,Kelly,Cox,gomezmelissa@pitts-baker.net,J93LoaO5!ITI
550,Vanessa,Bradshaw,benjamin19@gmail.com,CB(DdwgF^s1$
549,Jesse,Roberts,xbell@hotmail.com,*Rx4Jclm3Gpz
548,Nathaniel,Abbott,kromero@yahoo.com,_7EF7(SnG8mg
547,Douglas,Eaton,nancy94@gmail.com,x_2XXqtIO_Ku
546,Theresa,Rodgers,rodriguezantonio@yahoo.com,p3HscAvr_vO@
545,Angela,Garcia,hendersonallison@walton.com,rgkukT*+$0Fy
544,Todd,Duncan,vblanchard@hotmail.com,+82_yaZfn*9F
543,Jeffrey,Rodriguez,denisebautista@allison-king.com,Jc^BePsNe9M+
542,Jamie,Baker,bobbychoi@hotmail.com,tQWYd$6T+1o*
541,Christopher,Hampton,petersonandrew@gmail.com,(0srxWzh09BZ
540,Michael,Boyd,uadams@gmail.com,(3TkfJ!7cgb(
539,Jasmine,Carter,lturner@gmail.com,b9ACdR08+lYd
538,Nicholas,Johnson,gdoyle@horton.biz,ZrJ0C!j3&2ts
537,Jacqueline,Alvarado,moodydavid@warren-lucas.org,IS@G2&NfdU_x
536,Kelly,Marshall,coxjeanne@gmail.com,)Ab9Y_kBkUlQ
535,Anthony,Johns,peterschristy@yahoo.com,5*(&tWVg9%v9
534,Aaron,Russo,cfranco@hotmail.com,F%wapquhUC1A
533,Angela,Brown,zjones@hotmail.com,@A(6_%Sr^5Qm
532,Ashley,Brock,ryan41@yahoo.com,C(&q9DxoPMGd
531,Christine,Mitchell,rodriguezjenny@hotmail.com,&A02XpMdm*lw
530,Sierra,Gibbs,raymond76@zamora.com,(_cFsVNug3Mg
529,Heather,Church,alexis62@gmail.com,G2iKh0RoF%7u
528,Donald,Miller,codywalker@hotmail.com,2+mj8R8qMsJ)
527,Douglas,Thomas,stephanie71@gmail.com,EENvU3Eqh%XK
526,Andrew,Wilcox,madeline66@gmail.com,g8JNwEk^@aaf
525,Jacob,Pittman,zpearson@lopez.biz,4#!tQ1zc4QX2
524,Paul,Nelson,michelewilliams@howard.biz,(9*JQSEq&uZL
523,Sarah,Newton,millerjustin@pierce.com,_g&rJKkGg0tM
522,Jennifer,Ferguson,olee@schmidt.com,$0@Dhid_aLg*
521,Devin,Patel,valdezjames@phelps.org,9!N)ZrTZu6Ok
520,Jennifer,Horton,parkerchristopher@gmail.com,f)2DKszf0RmR
519,William,Benjamin,huangdiane@yahoo.com,(_zvAjsp*aT1
518,Michelle,Williams,angelawilliams@bailey-hawkins.com,H$1lenhww!6P
517,Julie,Doyle,amarshall@giles.org,)_MDjU+mG3TY
516,Lisa,Stokes,batescollin@hotmail.com,G*@9PzMoY!Ic
515,Keith,Cummings,hoodchristina@gmail.com,ji(K(y^Z**3Z
514,Daniel,Dawson,hicksmathew@bush.net,NlRn0N+k!5gg
513,Derrick,Daniels,hessstephanie@hotmail.com,S)d8CxOdIrHJ
512,Mary,Farrell,ybarnett@brown.com,$3YxH&CIV8%^
511,Steven,Gentry,thomas43@lee.net,Y0_1XnDe@5$w
510,Marie,Blanchard,vmcclain@yahoo.com,4%vs7Caytm*9
509,Ryan,Daniels,crystal69@robertson.com,QOICOr4cS!3n
508,Anita,Ross,william06@hardy.com,(MSDxmI1%24L
507,Richard,Jennings,dominic83@gmail.com,8Ih9_JumAz^6
506,Kelly,Newton,simpsonrachel@lucero-pineda.org,W0O1vdX8!Eyg
505,Danielle,Robinson,qbarr@hotmail.com,&8X*VE@m^l5O
504,Donna,Kelley,qbailey@patterson.com,!5(FuZ*qoS1J
503,Stephanie,Malone,cperez@gmail.com,@5)V+a8kdufo
502,Marcia,Thomas,lisabrown@hotmail.com,++Et8Qenvr#!
501,Margaret,Simpson,jacksonfelicia@gmail.com,C*b1pOaYj#!a
500,Samantha,Lopez,april26@hotmail.com,4zOYWwFf*Fu%
499,Zachary,Rodriguez,kevin38@gmail.com,rU2WtyfyCv(N
498,Robert,Henry,anthonyramirez@hotmail.com,()yhrK0uH3HG
497,Mathew,Smith,david97@santos-arnold.info,7@4QXJoS*&KZ
496,Drew,Benitez,schmidtstephen@roberts.net,#1k^&Izrvz4t
495,Lisa,Henry,eriley@perkins.com,&oUZMWyvb8aE
494,Brandon,Mathews,dhall@gmail.com,KYU9Pxdvv7*n
493,Brandy,Morgan,danieloliver@hotmail.com,**0n9D^Y5pS!
492,Mary,Carlson,brooke26@parker.biz,wJuJVhRX^51(
491,Ashlee,Orozco,barronwillie@yahoo.com,2ldU#7#Ly9I_
490,Dennis,Stevens,trancatherine@yahoo.com,$)vgrHqKz&2b
489,Melanie,Liu,andreahopkins@yahoo.com,Lb3)SvMv!k5^
488,Ray,Rodriguez,jthompson@yahoo.com,^8G_3xef6XTr
487,Paul,Shah,jonesrebecca@hotmail.com,1_6L^ocEh1O0
486,Judith,Benson,richard49@stone-bowen.com,@bF2W0jT1fa%
485,Andrew,Chavez,torresdavid@carlson-smith.com,_y1Xp&%%_UZ1
484,Charles,Tucker,smithmonica@yahoo.com,r!3st6aDfd^L
483,Amanda,Cox,fullerrebecca@hamilton-cruz.net,*YSII9lbp1WT
482,John,Brown,gscott@lane-newton.info,gi^5K@Wt3h$s
481,Sandra,Turner,shannon65@gmail.com,YzAxssAg*6J+
480,Melissa,Hall,zkaufman@edwards.biz,$9zuynEzX&EM
479,Troy,Avila,emyers@hotmail.com,!ZH72RWGy9Qs
478,Brett,Hill,ynewman@gmail.com,%cPosnVx1Rto
477,Brian,Bauer,gmatthews@gmail.com,a&0NbIAYhnC(
476,Thomas,Moore,audrey23@gmail.com,^LKy1jf2e)5k
475,Wanda,Mcgrath,angelacallahan@allen.net,51ztnsa$@3OZ
474,John,Ryan,erikamccullough@armstrong.com,)f7yNibk&V&K
473,Jennifer,Dixon,swest@gmail.com,W^@5lPrkV2R7
472,Jodi,Reyes,courtney78@williams.biz,&+lN@eN1+a6r
471,Regina,Davis,hsummers@hotmail.com,eblRmudIr)2r
470,Jon,Hodge,erika16@jordan.info,3u8Yb9oL6$kO
469,Sandra,Goodman,qallen@yahoo.com,2LUWs*mC*l8!
468,Julie,Austin,tfoster@vargas.info,lkOVhtcb#7Vz
467,Christina,Greene,walkermckenzie@yahoo.com,+72*AMb&(rjP
466,Leonard,Wright,michael26@saunders.com,_6evHIKsIr%#
465,Danielle,Ward,kdaniel@yahoo.com,(x1oRc*RQQB%
464,Antonio,Tanner,logan11@yahoo.com,f5u$IKuk^2KH
463,Sharon,Charles,leslie56@kim.com,*MCptbt9@x3Z
462,Jacob,Martinez,feliciabush@howard.com,@qD%LkIp*4u8
461,John,Jenkins,megan90@yahoo.com,_4H!zY#d^AAz
460,Francis,Perkins,jason26@yahoo.com,p!9lwO^q_hIF
459,Christian,Perry,jacobalvarado@hotmail.com,EAFhldHx&9F+
458,Brian,Tate,roseandrew@moore-crane.com,g#v_UpA*&!G7
457,Taylor,Brown,jenna81@yahoo.com,)MHaHfPqt9Y5
456,Christina,Valentine,eric61@smith.info,dnO_2of$*0fY
455,Mary,Salinas,elizabeth73@yahoo.com,)45CquL&uJ1n
454,Tanya,Lopez,brittanymcdaniel@weaver-morrison.org,znr%ZwxD956L
453,Jacob,Myers,hansonpatricia@yahoo.com,$)X)HhQUX0&B
452,Rebecca,Diaz,longgary@brady-baker.com,*TscVAtBq_7M
451,Erika,Stevens,kathy25@hotmail.com,2j1G7XbjovN)
450,Cindy,Young,samanthalutz@powers.com,61(hJEFf^NLq
449,Richard,Pacheco,emilywalker@abbott-rose.biz,Ff40EsDg^+Wg
448,Darlene,Lloyd,warrenpatrick@hotmail.com,_vPR@Cx(+41z
447,Jeanne,Hahn,sandra35@campbell-santiago.com,ORQ2dAagaB%b
446,Beverly,Cherry,timothy01@gomez.com,#C1E_huO+IJY
445,Andrew,Hayes,noahsmith@gomez-smith.com,J9+cI#d2k*P6
444,Christopher,Torres,debraoliver@yahoo.com,Z123QOIA^k6s
443,Jade,Gibbs,thomasburnett@hotmail.com,@0&IYZ0jdlkw
442,Logan,Arroyo,ugarza@willis.com,6e8tUzVwo)v8
441,Sonya,Harrison,oscarsmith@hotmail.com,9MdQaPcl+D*9
440,Frank,Andrews,hillamanda@gmail.com,@)0NnGpzy!cI
439,Heather,Davis,sara04@hotmail.com,&07GxM0eK0hI
438,Lindsey,Joseph,daniel36@davila.org,c#1Qj0%5RFQf
437,Raymond,Hubbard,anthony17@mullen.com,4QPJZbfA^j$f
436,James,Joseph,nhernandez@hotmail.com,K5dq%edu)i&F
435,Anthony,Evans,gene90@lewis-lloyd.org,7IyM)Zys_(79
434,Maria,James,yzimmerman@gmail.com,NL*FHleJ)^41
433,Tammy,Daniels,raymond07@yahoo.com,^o2Fd+2i7zff
432,Jason,Hodge,mariahrogers@hotmail.com,@5+Oiri5XQtP
431,Reginald,Bishop,dsantiago@gordon.com,Eo0oXqZ8d(_k
430,Jennifer,Williams,michaelsmith@strong.com,s$1ISr*Z(u2&
429,Vincent,Ross,portiz@wright-frank.com,#B4vRoUMnBJr
428,Margaret,Nelson,matthewcole@yahoo.com,dT8H!$wnn(2L
427,Ariana,Chen,kennedylauren@hotmail.com,o^ix59@lAV2a
426,Amanda,Davis,michaelwatkins@ali.com,nyzY52dt^7Xa
425,Douglas,Acevedo,matthewgreene@gmail.com,NXsbd$dy*8D4
424,Ryan,Perez,denise69@yahoo.com,ieVLja6c*3G!
423,Patrick,Arnold,oellison@carter.com,El^1$oGu1pI7
422,Beth,Hale,vburke@hotmail.com,+9RslZts_9m*
421,Maria,Griffin,watkinsbrandon@phillips-andrews.com,S!7r22pTYWvl
420,Shawn,Ramsey,tyler29@murray.com,I5uNgJTa^y6i
419,Stephen,Bean,danielestrada@yahoo.com,)9W5MihBXe4_
418,Jennifer,Harris,tracy65@sosa.com,*gnOGnoKV)1n
417,David,Moore,osbornechris@hotmail.com,GnV6F)Dc*r0_
416,Amy,Rodriguez,tannerhaley@gmail.com,)xQ6S#Wh@A7C
415,Jessica,Smith,daltonbailey@yahoo.com,TN2SK%Ks7*5y
414,Jeffrey,Cochran,ibarradillon@yahoo.com,Hq5hSt8i+$m%
413,Thomas,Hernandez,rhondarose@knight.com,64E_C(i5_vtb
412,Gail,Cohen,sarazhang@weiss.net,Ns*sEBsVg637
411,Valerie,Wright,timothyjohnson@hotmail.com,XbnQVBow$d5S
410,Derrick,Dean,crystal76@gmail.com,_%5ZN@kmZ2Ts
409,Danny,Hernandez,debbiebarrett@davis.net,c%8Re*sJbaZv
408,Stacy,Chan,dustinmendoza@park-nelson.com,!a!SCDn0Gba2
407,Brandi,Hayes,williamsnicole@hotmail.com,SyokJKVmi%J9
406,Robin,Hill,margaret79@gmail.com,up0ARuuo(ca#
405,Gerald,Gutierrez,deborahallen@baker.com,E7!w9GkKyOB_
404,Victoria,Hernandez,swatkins@yahoo.com,si$2T0v9mIPV
403,Madison,Ritter,jamiewaters@hudson.info,*EP%2fWjh5sc
402,Jessica,Quinn,nancynelson@gmail.com,g&%h9D2zTB*)
401,Karen,Santos,alicia42@gmail.com,t2yTGX4BveC$
400,Ashley,Nelson,jenna02@knight.com,#VZrelxsFX0J
399,Jared,Garrett,qstone@hotmail.com,D(9(JBHk_w+W
398,Donna,Myers,tanyadeleon@hunt-atkinson.org,5QlErt*v&^1j
397,Wendy,Fritz,hineschristopher@brennan.com,QA3&ZJ^m!WJO
396,Mary,Wong,eking@yahoo.com,wH8SrBPG%kMc
395,William,Smith,millerstephanie@yahoo.com,b(FJ*$Nm)ep9
394,Susan,Mullins,whurley@horton.com,9)8VEdAcu6EZ
393,Anne,Andrews,christopher27@yahoo.com,HW2h1vkx7^kJ
392,Steven,Michael,fbrown@gmail.com,8hZua8ak@4I3
391,Summer,Huang,allisonschwartz@hammond.org,00lRxuE2*dJ0
390,Veronica,Ritter,pking@carrillo.com,A6370UJl)M2V
389,Rebecca,Shaw,jose56@stewart-stevens.com,i4ZAt9Xb$_i(
388,Jacob,Vega,snewman@baker-daniels.org,zE)BE!qm^*4S
387,Edward,Swanson,psummers@wolfe-meyer.com,nzi7cBio%!#E
386,Erin,Walsh,angelawalker@thompson.net,(FqdJBEy!I*9
385,Thomas,Roberts,victoriahale@harrison.com,%DAopiGz_29Y
384,Zachary,Stewart,john08@yates.com,$(SPjeAY)L58
383,Catherine,Trevino,hmendez@hotmail.com,g@M5Y^dl*@Zx
382,Kimberly,David,randallhernandez@yahoo.com,T10iSMvD7(c*
381,Edward,Vargas,craigbarbara@byrd.com,#8#IWvTg*3B2
380,Jonathan,Ford,rmay@gmail.com,1Ie#I+po22Qa
379,Ashley,Garcia,larryparks@hotmail.com,*J1Isv32W_xQ
378,Stephanie,Medina,finleylisa@pittman.net,!hy^^uZd2)kc
377,Melinda,Hill,benjamindelgado@yahoo.com,7T@apwRu^$#B
376,John,Mitchell,elizabeth27@hotmail.com,L_1KMGd87gHD
375,Olivia,Brennan,ywalker@yahoo.com,Kn6Isgf*#R#N
374,Jennifer,Castillo,marvin49@hotmail.com,4*f3v%GlRc^r
373,Erin,Warren,mark91@yahoo.com,&4Rw54v!zOQa
372,Antonio,Sharp,kevindecker@gmail.com,4OW5HviH_YV%
371,Erin,Goodman,moorealexander@yahoo.com,(i^1U(gOiBeF
370,Sylvia,Martinez,xbutler@gmail.com,&_c$PwnTa1c+
369,Ruben,Davila,murillokimberly@parker-taylor.com,6#ms21Xx7fa$
368,Lisa,Stewart,melissa96@graves.biz,q)Y7HCZ+njMD
367,Jennifer,Hubbard,robbinsmichelle@rios.net,)jCHfjVa27bv
366,William,Blair,jessewarner@benson.net,$6fLFjnsx6+E
365,Adam,Fleming,smithchad@mendez.com,I&%3GN6kBcPW
364,Elizabeth,Burton,marynewman@velazquez.com,Wh+VGy8o^2hu
363,Scott,Clark,susan93@jordan.org,P^G_CfAYBE2r
362,Jerry,Butler,sarah96@gmail.com,N*^9AErU#4HU
361,Julia,Davidson,cassandra56@hotmail.com,K)j7#Elsw55$
360,Richard,Jackson,clarkchristopher@lewis-murphy.biz,(5Oq+zqU_Su@
359,Christopher,Davis,austinraymond@yahoo.com,_%R#k1Uae*0o
358,Angela,Collins,justin08@johnson.org,W%E)dERlyb8X
357,Kyle,Vaughn,shawlisa@hotmail.com,Z&TmUywl%7Md
356,Mitchell,Robinson,crystal50@cisneros.com,^KE%GsysN3Pr
355,Andrew,Maxwell,jacksonsarah@hotmail.com,^_ZbC8UzZ@os
354,Russell,Bell,chad70@erickson-jordan.net,+X9moxrfW7Ee
353,Justin,Morrison,jameswarren@williams.com,CE%(Hsv1s#8T
352,Elizabeth,Kim,wmeyer@yahoo.com,L*+9n2XdrV0$
351,Jeffrey,Vaughn,janice71@hotmail.com,7AOz+8XksXY^
350,Whitney,Horton,gkelly@weeks.com,$387NLKfJp4i
349,Veronica,Ortiz,mlove@bennett.org,$qo^qgbVn6X7
348,Autumn,Flores,davidsonsherri@hotmail.com,34fYiy1v!K#T
347,Scott,Sanchez,edwardsmisty@phillips.net,o(SOqp8jvr2e
346,Katie,Lam,phelpsshawn@hotmail.com,WJ5dqI%v^*9)
345,Melissa,Davis,jessica53@hotmail.com,imx1Pq835u&v
344,Julie,Hoffman,destrada@gmail.com,Z8Lrjo3N(HLm
343,Cynthia,Poole,stevensmark@pacheco.info,45(#kvxov$Zl
342,Luke,Lawson,hernandeztanya@brown.com,Fq6Y5*adH*qK
341,Ronald,Reynolds,gabrielafoley@hotmail.com,#51vWghWZ5SE
340,Ralph,Butler,johnsonrebekah@hotmail.com,Z41BHOun$$HW
339,Marisa,Nelson,rebeccawilliams@wright.info,PWZJkNa+9*6A
338,Ronald,Hernandez,bgonzalez@scott.com,Y)^rvTfzKC5T
337,James,Gonzales,elaineayers@gmail.com,aG66ur!uD*JQ
336,Brian,James,maria89@peters.biz,QYyy4ZCe6^u_
335,Bradley,York,burkemichelle@johnson.info,(3)X#o*4eG1Q
334,Joseph,Rose,scott66@jackson.com,TQXqw5f_m!Oo
333,Krista,Crawford,mcfarlandashley@yahoo.com,1!snRV7mgJI8
332,Tina,Lopez,sergio29@yahoo.com,9jXPqpro$31g
331,Carol,Cannon,mckenziealexander@walton.com,H6MnE4pr_p6n
330,Danielle,Watkins,andrewgarner@yahoo.com,T+9^Km@h%Cx3
329,Melissa,Valdez,xhale@hotmail.com,40VH*8yw*hjr
328,Philip,Ward,oaustin@ortiz.com,PMoS9Myc*s#2
327,Logan,Zamora,brendawilliams@lee.com,&A2cHQrf&@ie
326,Sarah,Riley,richard78@yahoo.com,7m87Fe@Y!#93
325,Joseph,Pitts,whitejesse@hotmail.com,)3wVYkCb86P8
324,Russell,Mayer,carterjulie@gmail.com,!TrSmd!S%63K
323,Zachary,Smith,kmorris@gmail.com,RxIt8Dqe_6IU
322,Gregory,Mays,daniel11@odom.com,!5etq5TuwiAW
321,Jose,Rollins,riverasusan@hotmail.com,t8ca&Bvw(ABp
320,Alexandra,Murray,candaceguzman@yahoo.com,&436FFDv*c@q
319,Michael,Fox,hernandezjo@yahoo.com,1)j7+YTiJOh%
318,Donna,Ingram,bbray@gmail.com,_7F(nV&_ZNdR
317,Kimberly,Wood,lyonsjill@yahoo.com,Z5Y(DxiO$Q3%
316,Chelsea,Juarez,uwilliams@yahoo.com,(2IOfd+brvCZ
315,Heather,Cantrell,npadilla@wagner.com,oul#nbl&33QY
314,Ralph,Hooper,stephenmcbride@hotmail.com,PDABGnLs$6)@
313,Jennifer,Harris,steventaylor@yahoo.com,d2HZpQZau_P7
312,Roger,Murphy,hensleyashley@gmail.com,*8v7AmE&*v!0
311,Darius,Tran,lisamoreno@gmail.com,RdrvYDu%#75L
310,Joseph,Shea,sjohnson@yahoo.com,@fw4Pg^WL73&
309,Brian,Mcbride,brittany92@gmail.com,Lc(q2ep15@Fd
308,Levi,Lowery,mosesjeanne@henderson-murphy.org,^&ZV6&Wz7m%o
307,Robert,Moyer,mhernandez@yahoo.com,rdZLjWv+^3%U
306,Diane,Mahoney,andrewward@yahoo.com,k)QEDOo4$+3q
305,Scott,Black,gschwartz@hotmail.com,4P^9bYBoTJeH
304,Robert,Johnson,paula19@hotmail.com,L&1bMw5)r6(N
303,Tina,Lambert,barbara20@hotmail.com,xyIOwq!Ie*8y
302,Joshua,Hooper,jduran@nichols.com,ss3RUXrB^3p@
301,Steven,Smith,pwashington@gmail.com,xoLSidjd#015
300,Sandra,Carey,douglas84@hardin.biz,O!Zw0oTmLf(!
299,Eric,Hanson,nmann@johnson.info,8$q3TOUoYh4f
298,Margaret,King,ysims@taylor-figueroa.biz,&w9CkvIzM9HO
297,Lisa,Dixon,stonelisa@yahoo.com,MO6K2GJj_CCT
296,Max,Morris,rebecca13@jones.com,P^RHmFqsir7R
295,Lauren,Taylor,qmaxwell@hotmail.com,dho0L5fE+W5D
294,Julie,Hoffman,jennifersanchez@hotmail.com,^b2LVx)h$yaY
293,Cynthia,Gardner,rwood@callahan-guerrero.net,Uj17y#YeG$HP
292,Brian,Moore,laurapeterson@gmail.com,$0y1dKAzSt+p
291,Karen,West,kayla64@lynch.com,$2UHqbpmzAAs
290,Paula,Weber,cassandra12@goodman.com,@8WbW_dkZxuH
289,Brooke,Huff,uturner@chung.biz,^Sgo0Vz6pmSR
288,Anthony,Diaz,nicholasross@becker.com,&&zS!iyv4n3G
287,Jerry,Cain,jonesjessica@watson.com,0$LuXkOnwTY7
286,Roberto,Carr,richard89@yahoo.com,F42!*PUc(s5Z
285,Mallory,Anderson,patriciaparker@yahoo.com,))9)Zz^PrWyY
284,Joseph,Hamilton,xcarter@smith.biz,+7_(g1Et_$KO
283,Barbara,Curry,zkeith@ramos.com,oj2v9RSdb2&k
282,Brian,Blevins,dglover@yahoo.com,OwX7M$vnq@&3
281,James,Butler,michaelholmes@gmail.com,*6NO*VNXxl1g
280,Ian,Andersen,christopher90@pope-gonzalez.com,(2Br#SUARfaZ
279,Ebony,Snow,christinacastillo@rodriguez.com,6XWqxEc5@L8l
278,Kyle,Smith,tfitzpatrick@gmail.com,f_05wRhE#i7P
277,Kiara,White,shawn40@gmail.com,*#2fEWDa2cR8
276,Larry,Alvarado,sandralong@taylor.info,DbrH$XbM3P$#
275,Jose,Franklin,bakermario@hotmail.com,kcgX^5Esbm^&
274,Michael,Rosario,hansenrobert@walsh.com,NRqSRHo)U_Q2
273,Tracey,Logan,faulknerrita@brown.info,V!ZB1ap)%44^
272,Emily,Yates,joseph77@yahoo.com,0oBYzwel@4wg
271,Michael,Taylor,xwelch@huerta.com,)9j0AqNjpwkm
270,Charles,Edwards,kristensanders@davis-juarez.net,k*8qGyRkX%W^
269,Angel,Benitez,michaelbrown@gmail.com,fd^O2tNL$O0V
268,Kyle,Acosta,destes@yahoo.com,3gC2Ct2G6+gI
267,Yvonne,Castillo,imiller@cooper.biz,Z_CN#O1a#Y0H
266,Justin,Mejia,hrichardson@yahoo.com,!xUJp&Qg0N^H
265,Olivia,Knox,rtorres@esparza-daniels.info,$54KOfxxh7J!
264,Janet,Roman,christy43@weeks.com,mvl(0cxzs7ON
263,Kristen,Ramos,wcoleman@gmail.com,&*sN8gYkIU+9
262,Beverly,Gonzalez,jonjohnson@white-brooks.net,5WEP25Zx2+(M
261,Jonathan,Wilson,diamond38@adams.com,q_lIXgqgM396
260,Ryan,Dean,jameschang@church.org,@L!3Y_sr+Su*
259,David,Hendricks,clarkdaniel@aguirre-griffin.com,+1hYYK*HCvKa
258,Amanda,Roy,newmanmatthew@stewart.com,&4LD+Cgey9Kf
257,John,Logan,hbrown@yahoo.com,u0B3uIIvjO5+
256,Kathryn,Jackson,wjames@gmail.com,ba4&cm6(fHfS
255,Danielle,Walsh,daniellegarrison@lopez-manning.com,fzDweF+w$7r&
254,April,Martinez,christineali@yahoo.com,7q*T%8Lqt+%A
253,Jesse,Howard,michael91@gmail.com,TpXvgOVT)6Ig
252,Suzanne,Zuniga,phillipskathleen@gmail.com,C9z7Mgc%H*7@
251,James,Wright,joannewton@hotmail.com,(lG3UDxw8Uin
250,Lori,Anderson,billyhill@gmail.com,4p*!NmOq)40k
249,Carrie,Lewis,kristalawson@gmail.com,d!SSyMivHfR4
248,Chelsea,Coffey,rossjennifer@moore-parker.biz,T)Ex5U(fLXdo
247,Joseph,Holland,carlsonheather@lozano.biz,M*EnfVek$6+O
246,Johnny,Stone,fdickson@gmail.com,o1@@xdAh+CkH
245,Tracy,Hogan,zmiller@jones.org,MbUg&(Dq93+Z
244,Clarence,Payne,kimberly60@hotmail.com,+$26KYuJ4IQv
243,Amy,Hardin,anna37@gmail.com,tJt6$Nun@a%)
242,Hunter,Phillips,michael23@jones.com,z*4!G%f8tXSf
241,Keith,Buckley,jimmy83@bridges.com,r27dKD)rkk@k
240,Dylan,Curry,ashleymisty@foster.com,&4eHhWyJ*iSC
239,Teresa,King,danielmark@hammond.com,#S!P5B%ivPZ9
238,Frances,Jones,ramirezkaren@fowler.org,3m(C!ZkgLI8U
237,William,Robles,tommymartinez@hotmail.com,g^kKjOEe)A5t
236,Matthew,Gardner,kristinamoreno@gmail.com,sm&B9XhFdW#b
235,Justin,Cohen,mcgeekevin@yahoo.com,(9F2Nt)EYrAD
234,Wesley,Miller,andrew57@hotmail.com,#1ol4BYLiUHl
233,Kaitlyn,Perkins,barrdanielle@travis-white.biz,0%WU2(W6MeiN
232,Gina,Baird,charlesshane@hines-bailey.net,&D15pFhy&f_m
231,Ernest,Lopez,chrishill@tanner.com,u853W@Z(_BGy
230,Patricia,Obrien,mcphersonwilliam@yahoo.com,+WRAe4i613^5
229,Duane,Cole,loriarias@bell.com,9_i7r6ChLDgC
228,Deborah,Bennett,michael17@hotmail.com,WtZ1Vs$lA_0g
227,Debbie,Jacobs,tara55@chan.com,tmuEGly)t!3T
226,Spencer,Sullivan,weberlisa@yahoo.com,N^xJ5qQn0HE1
225,Michael,Arnold,jillduncan@hotmail.com,pwk*z)Nd#f8C
224,Elizabeth,Morales,rharris@gmail.com,6UEZQziy#!QY
223,Scott,Ryan,dlewis@wade.com,@7^cXiohZCCM
222,Michael,Cole,valerie63@gmail.com,W*)a&FyBFq65
221,Michael,Nguyen,staceygibson@wilkerson-burgess.biz,hP1T^hEdu$fP
220,Keith,Lee,oashley@hotmail.com,Y+2uT$AuK3!C
219,Tracey,Wall,lambertstephanie@morris.net,gP1&Us^iF@iU
218,Kenneth,Hayden,stevencarroll@yahoo.com,*3$WkCzt(Ph2
217,Jason,Flynn,lcrane@santos-mathews.com,0WihLKfVN*h1
216,Megan,Williams,xsantana@gmail.com,&q8ziI(SGjxH
215,Michael,Lucero,pmurphy@hotmail.com,S(0JhxSl^n9E
214,Robert,Walker,plara@gmail.com,K6vTF9k*%GNh
213,John,Murphy,nguyenronald@brewer.com,#M9GJtT&9)Wc
212,Nicole,Smith,alyssa87@tanner.com,DzTdpwQa&1N3
211,Jesse,Sanders,dvance@hotmail.com,!eHBWTWbL3Qi
210,Jamie,Ruiz,sarahpage@thomas.com,E_8B%jeBR8M3
209,Nathan,Anderson,jeffrey68@yahoo.com,hWD3)a2y(6oE
208,Ashley,Barber,manuelmueller@yahoo.com,!n+*iHvtl7!D
207,Nicholas,Banks,yhall@yahoo.com,z*2RLrt7#!92
206,Angela,Martin,hammondkevin@khan-wilson.biz,gb)XOewH$7CX
205,Christine,West,hhawkins@hotmail.com,wtXmBQfgs(8C
204,Miranda,Allen,mwilkins@yahoo.com,6#&+x(cpaS9Y
203,Crystal,Burch,sotojoe@yahoo.com,8$kP10pt@9AD
202,Ryan,Torres,hilljoshua@hotmail.com,_q3TV%gcvb4d
201,Brian,Ward,jwillis@welch-smith.info,pfnK8YeF$kA@
200,Charles,Butler,matthewsilva@villa.com,)I8AwPnE1#)T
199,Barbara,Wood,angela07@lee.net,(cn1BGSzi3)X
198,Craig,Romero,ecaldwell@velasquez.com,wkfPArAH+5rn
197,Michael,Wells,garciajerry@hotmail.com,XJ5i&js(_1XV
196,Rhonda,Murphy,yrodriguez@yahoo.com,^_3H1N(sILas
195,Chad,Thompson,calvin94@gmail.com,F$OZHunQRU8E
194,Susan,Wolf,brewerkimberly@cherry-flores.com,*pShhDUrW5Vn
193,Ryan,Brown,riveraandrew@gmail.com,uW!IoTNn_9ET
192,Tony,Lane,melanie33@thomas.net,Es4RzVA9j*^3
191,Linda,Edwards,wtorres@white-bates.com,_5J&3ERlYthF
190,Michael,Hines,jeffreyconley@ingram.com,3+BGybc^$IFl
189,Beth,Gonzales,smithtina@gonzalez-griffin.net,3iRE%HZb#6H9
188,Jenna,Higgins,hicksjames@pacheco-johnson.net,$6cZzjMy)77^
187,Melissa,King,cathy80@davis.com,Jq(BALmH_S2f
186,Pamela,Edwards,lisa20@yahoo.com,@Jvxj7a#D#y3
185,Joanna,Hawkins,david90@hotmail.com,Ax6%JuBqK&lZ
184,Fernando,White,xwong@hotmail.com,c(QdLZi#0&a2
183,Holly,Mason,williamssteve@yahoo.com,R7t372Pr!OC%
182,James,Walker,bauerchristine@page.com,+bD#0NRlTbw+
181,Amanda,Rosales,john97@yahoo.com,B1t*(Qtq4x+Y
180,Wendy,Garcia,lambertevelyn@reyes.net,p31OOh7a_*uI
179,Christopher,Mccarthy,acoleman@moore.org,F4U%+lz@eYBa
178,Alexis,Kim,cody58@gmail.com,#*M%8A2jS#dn
177,Renee,Ellis,ronaldchandler@butler-clark.com,^FMGkC35*RA4
176,Brian,Mills,whitemelissa@gmail.com,cA^8HdcRm$5#
175,William,Clements,davidrobinson@yahoo.com,_5QRygnC25IE
174,Virginia,Brown,rsmith@gmail.com,S)JU*iWj!3L7
173,Sarah,Crawford,uflores@hotmail.com,Zf*Gv2MnI&ZI
172,Patrick,Hernandez,dmcbride@smith-faulkner.biz,VIS^Skm8$3al
171,James,Daniels,asantiago@murphy.net,eop$QKteD#m0
170,Randall,Vasquez,gardnermindy@yahoo.com,0p+8UMmzVj$f
169,Jenna,Murphy,jessica07@curry-gaines.net,lgl1I*nuD(bI
168,Jennifer,Rivers,david54@gmail.com,r^F+QqIt@f98
167,Daniel,Bowman,ehenry@gmail.com,Sl6GnnfDf_au
166,Nichole,Archer,swarren@archer-alexander.com,%%i7@4Qr1#b7
165,Tara,Mcguire,bellvictoria@ruiz.com,3zXpg@uN$_qd
164,Anna,Leon,onealaustin@jackson.org,(eEMB4em57P%
163,Julia,Stone,michellemartinez@yahoo.com,(4bKfdDwfX*Y
162,Wesley,Russell,jason14@gmail.com,cG9F1EhzC*rT
161,Darrell,Levy,andrea73@quinn.com,JdXM)&Da+9Od
160,Robert,Johnson,irowland@hotmail.com,a%D4J)rQ66+&
159,Kevin,Young,othompson@hotmail.com,(yjvUJO$V8gr
158,Vincent,Fleming,melissa06@humphrey.com,n1rYTtkL%f2T
157,Christopher,Patterson,agay@davis.info,UH9p3Pxg&jda
156,Amanda,Meyers,aliciajohnson@morton.info,sG#xDWls(WU0
155,Diana,Potter,daviscynthia@hill.net,(1uiNrLzzve4
154,Jason,Rodriguez,jessica87@barnes-miller.com,cF6!AgTMky@p
153,Darryl,Weaver,vcampos@james-baker.com,yOaR%U7n@7J9
152,Rachel,Hurley,duranlynn@yahoo.com,!R0rwdXk&VHU
151,Zachary,Franco,alyssapaul@gmail.com,*+tY%WprH1NL
150,Amanda,Price,joshuacox@walker.com,lH6IpQaI!n7h
149,Justin,Vasquez,ian19@yahoo.com,wQUel98t+8_*
148,Christopher,Mcpherson,kimberly03@stewart.info,$8XOvGmhC6EY
147,Charles,Snyder,david49@stewart-schneider.com,1v9mxaTy27_9
146,Russell,Novak,onealandrea@smith-lopez.com,iB82UD5h9+oY
145,Amy,Mcguire,robert54@ross.com,(P2fWVQXj8Ar
144,Darryl,Ramos,zramirez@yahoo.com,V^WjiAe)&0#k
143,Scott,Trujillo,howarddavid@gray-duarte.com,$8AJZ(Ru+cfB
142,Olivia,Weber,ucastro@lester-sparks.com,$dxAANgedt3D
141,Charles,Anderson,nlawrence@hotmail.com,%6W5ZLqBHmWH
140,Joseph,Phillips,murillomichael@yahoo.com,@2J#r5SJZ3ov
139,Wendy,Williams,gevans@watson-hart.com,L5(n6Aq5mcs7
138,Robert,Jennings,richardwhite@walsh.com,!_Z53rnqo8l)
137,Joseph,Ellis,williamsmatthew@yahoo.com,^oQ+YPaJ&W2I
136,Penny,Grimes,kellycortez@jenkins.com,7VjNWQIp$j&^
135,Sarah,Randall,dpratt@armstrong-orozco.com,7E213u$uC_ga
134,Melanie,Zhang,ohatfield@hotmail.com,C#h!(4Kp4e4u
133,Kayla,Hodge,kimberlyjones@brown-morgan.com,u$gpPXvxF+4N
132,Brittany,Webster,jmartinez@walker-watson.info,%2QH2Mc+#6n4
131,James,Brown,kristamarsh@carrillo.com,5P*q2MFnHYU+
130,Jerry,Zavala,vcaldwell@barrett.com,)08unReD@3Ou
129,George,Parker,wcompton@hotmail.com,CTPPv^I1!8L1
128,Mary,Berry,lindseyjerry@lopez.com,x(z1ECqQ%Xd0
127,Mckenzie,Holmes,hayesjulie@yahoo.com,*AK2K9ntaD1U
126,Amy,Rodgers,michellecox@humphrey.com,(7T*ZNRxGWwP
125,Stanley,Reed,douglasbrandon@jenkins.biz,&9Hcj(t&s3jN
124,Brian,Kelley,juliesantos@yahoo.com,hxwpOE@L@8(D
123,Laura,Martinez,sandersrobert@hotmail.com,1mxj@Jqv$CiV
122,Brett,Moore,rsmith@norris.org,J@eqzVMe5v1Y
121,Kimberly,Adams,gouldbrandi@yahoo.com,9g_OkL$g#qLH
120,Brian,Sullivan,zvaldez@yahoo.com,$BHxn&ExE21#
119,Carl,Bullock,sarah13@wilson-whitaker.biz,+28X6z^d82$K
118,John,Turner,michael55@horne.net,#2H7g%!iUmdP
117,Tina,White,thompsonchristina@hotmail.com,pGZ1IJnl&VQ2
116,Shannon,Mccall,gonzalezanna@reynolds.com,QU7$2VypJxU6
115,Neil,Mullins,shannonhodges@perez.com,5Vc%PUs_Ph#1
114,William,Edwards,suttonanthony@yahoo.com,+azbbQgG+n4G
113,Kyle,Gonzalez,oallen@gmail.com,!Xv@6N7t8oNw
112,John,Hardy,jeffery12@morris.org,#41vJhCdm#A^
111,Jay,Bartlett,diazshane@nunez.org,Z3Zl0+llfR(y
110,Sally,Joseph,annette32@yahoo.com,My&i#Tk5_(w1
109,Leah,Freeman,colleenfernandez@garcia-carter.info,E6dB&Tjp$beX
108,Connor,Carlson,jennifer41@ford-marquez.com,gZ#kScz4E^6J
107,Kevin,Jones,wesley03@zavala-joseph.com,J+1J6HCfOeoS
106,Matthew,Holland,thomas59@gmail.com,+kCzANtA7#bS
105,Mark,Webster,joseph92@yahoo.com,!z@2BYnA*d(K
104,Raymond,Ryan,kathrynhahn@hotmail.com,wZ80AqD3)^7X
103,Erica,Caldwell,ismith@frey-wood.biz,$1rw5@fb3UOo
102,Lydia,Lane,wjohnson@kidd.org,E#%JXF%p#9*v
101,Jimmy,Harris,julieperkins@thompson.info,&r451U2uDgNF
100,Sarah,Jacobs,huffmanteresa@gmail.com,&$)Dnq8K!34H
99,Brad,Cooper,elizabeth41@gmail.com,hk0eNllD%+&K
98,James,Guerrero,joshuawu@matthews.com,W$ZxoMzWU!1m
97,Thomas,Butler,umeyer@lopez.com,*0Ct!OhR$z)&
96,Mackenzie,Stone,copelandpaula@snyder.com,jt6AtKWxK)Qj
95,Donald,Walker,thompsonbrian@lopez.com,#6gVPkQro5Yb
94,Sophia,Barnes,curtisjohnson@hotmail.com,qq5#yijL!z+W
93,Susan,Hunt,derekthompson@nguyen.net,)5GvKxv8Q*@2
92,Andrew,Miller,jasonmueller@ford.org,*@9^pfJrRSYC
91,Rodney,Petersen,hernandezkeith@yahoo.com,P1EaH8Rq5(%g
90,Phyllis,Clark,ncarrillo@yahoo.com,@nU)AKlZ2!_7
89,Mark,Walker,heather13@clark.com,)7HsVlGrhEc_
88,James,Martin,fosterkevin@gmail.com,I1PhVRPa*^qT
87,Paul,Logan,tarajimenez@yahoo.com,i%VZNs8en0%+
86,Katelyn,Mann,edwardedwards@orozco.org,V6ZNTEaKw$0r
85,Olivia,Sherman,john99@lamb-sullivan.info,1)bzCkfb&)!L
84,Amber,Kramer,brandyellis@yahoo.com,rPP0OSik*nMI
83,James,Johnston,anthonyjeffrey@schroeder.org,Vh6THUroY(Fb
82,Allison,Wright,stoutstephanie@jones-garcia.org,$9gsdwz(s+F&
81,Cassandra,Martin,kaylajohnson@yahoo.com,$zU#n%^p+3Mh
80,Brandon,Jordan,weekscassandra@yahoo.com,_3c%OYkl8(5H
79,Christopher,Duffy,thomashamilton@yahoo.com,1#ktJ!Y2&cHF
78,George,Hanna,colemannicholas@ford.com,#IVW!PGw#10I
77,Christy,Watts,wsanchez@hotmail.com,zi19sCoubu!9
76,Jeffrey,Moore,kentsmith@gmail.com,Q^3+2y$yoveI
75,David,Acosta,matthewhebert@gmail.com,jjKNSZzW5^@9
74,Sharon,Mcdowell,lewisdavid@simmons-campos.com,4i^8Kj(sB*xQ
73,Jared,Brooks,mlarson@yahoo.com,#0IZTbiYtQ9V
72,Vickie,Smith,donna25@gmail.com,_1t38QFi^*p%
71,John,Kaiser,perezmatthew@yahoo.com,JCsi(2KgBQAY
70,Raven,Saunders,eperkins@yahoo.com,6ZMg0a4d(GFG
69,Mario,Allen,jessicamueller@lopez-morton.com,YD+48PUpO0R9
68,Matthew,Davis,jeremydavis@nelson.com,dt+8wJG#*6r!
67,Joshua,Smith,lharris@gmail.com,)R)8A)bh2u#k
66,Bianca,Miller,davidrobles@gmail.com,IMKY!x1+A!19
65,Sabrina,Thompson,brios@schmitt.com,(7#Go04bc9G_
64,Timothy,Christian,eschaefer@gmail.com,(I5s8RDrN)gk
63,Samantha,Galvan,christine60@hotmail.com,NnME%i%M@04V
62,Amber,Fox,tjames@gmail.com,)4C!4ReZeaOM
61,Natalie,Johnson,markalvarado@hotmail.com,OT9+BU7u$9k4
60,Christian,Gonzalez,taylorrandy@sawyer.com,R8i$k*lfG#9C
59,Shawn,Dawson,ydowns@pearson.net,CEYxbEjaK0(4
58,Catherine,Shaffer,andrea27@barrera-morgan.com,!0Xc4nhTamP#
57,James,Thornton,lynn58@yahoo.com,R%6MK$&luNNs
56,Cody,Murray,david27@graves-fisher.biz,4SH0x6OgmT^R
55,Brandon,Barnes,david45@yahoo.com,2^2Q753q*ASn
54,Joshua,Banks,wblack@stewart.org,6u!yJklF+Ob8
53,Crystal,Bruce,allenjoseph@gonzales.com,_ypD7bP7avP3
52,Eric,Ali,nsummers@arnold.com,%81KX0pjSQBF
51,Zachary,Perez,awiley@bird.info,_X1QrTJti25Y
50,Karen,Mcmillan,russellcourtney@gmail.com,F_g!ui8wy7$J
49,Katie,Novak,bfernandez@byrd.com,$1Xp9!EXwbMZ
48,Kevin,Williams,matthewbarker@fitzgerald.info,McK#m%ik+8vN
47,Tyler,Moses,xolson@yahoo.com,$k61WfPtYYhn
46,Jennifer,Campbell,kathycrawford@yahoo.com,nDa4&4or@$@y
45,John,Phillips,marygray@yahoo.com,e7x3dzwd!NED
44,John,Martinez,stephencarlson@hotmail.com,$#edQK6mB)2V
43,Nicholas,Reyes,anthonyatkins@morris.biz,or*4vaCD0@xf
42,Ronald,Johnson,michaelbautista@gmail.com,%7ODwO*3U6OL
41,Brenda,Hernandez,hannah28@yahoo.com,$XrRb_mO1D4V
40,Aaron,Sellers,raymond79@gmail.com,1N#y8Jr9ot9A
39,Heather,Green,brucejesse@yahoo.com,tvy8IAveD!(S
38,Tami,Gray,cookedawn@gmail.com,%#V+$#ImUI8S
37,James,White,wilsonkiara@newman.com,_nf2v2h6x*T)
36,Keith,Henderson,nealwilliam@harper.com,Mduh8$Roh)3U
35,Melanie,Carlson,ggarcia@smith.biz,(MYgJphC648l
34,Penny,Mendoza,adam05@smith.biz,dN*9UEgi7O&C
33,Victoria,Logan,zfreeman@hotmail.com,c0B_!Ltx1nhY
32,Jenna,Smith,blairgarrett@valdez.com,&@zEdyuk84A2
31,Janet,Williams,shawnobrien@hotmail.com,0_6xOwbUsS%o
30,Gary,Vasquez,bclark@velasquez.com,^Sl+Y1LpHr8u
29,Sherry,Jenkins,hrivas@chandler.com,+WhlZXso73%H
28,Michael,Montgomery,patrickshepherd@hotmail.com,%8UeRKkcG4NO
27,Nicholas,Wilson,jeffreyharris@yahoo.com,B!7QJ7Su_tJ^
26,Amber,Adkins,stephenkelly@gmail.com,s^_hi^&xZD5l
25,Jennifer,Nelson,barkerphyllis@yahoo.com,SedinCC+z+1Q
24,Roberto,Hughes,shawnsmith@lane.biz,%7m!0G)c)8)D
23,Kelly,Baker,mblack@fernandez-wade.org,$dFU^tQJ&S5w
22,Elizabeth,Robertson,wilsoncraig@hotmail.com,$246fOtdZv4F
21,Eric,Hogan,hwilliamson@webb.com,296@5@zdq8JG
20,Hannah,Morgan,carlsontyler@hotmail.com,#+yGgf&ni7V%
19,Hailey,Harrell,moorejeremy@wells.com,lH^0Ut4jZQ+t
18,Elizabeth,Fuentes,lorettalopez@mullen.com,)2^mRqe5#*bP
17,Johnny,Taylor,berrymichael@gmail.com,fq3d9YlYR+CB
16,Melissa,Everett,robinsonjoshua@yahoo.com,i8MwY)Rq1RG^
15,Rachel,Miller,scottharris@dyer.com,kiTBan)M#3vu
14,Daniel,Mclean,rebeccaharris@alvarez.net,(TYKl@tyGL6^
13,Jason,Hanson,waltersjoshua@gmail.com,_8EeXAWhmGsT
12,Kathy,Simon,mary26@phelps.net,r1P&Gczd5AoB
11,Victor,Acosta,walkerjill@hotmail.com,4w9s6Hg*+5S$
10,Ronald,Noble,malonescott@hotmail.com,7KgoXbZ%(2@3
9,Eric,Smith,smithamy@hanna-smith.info,K97qtu08+%E#
8,Tracy,Smith,fjordan@gmail.com,o(2w1wfy&2rW
7,Alicia,Mcfarland,lindsay57@hotmail.com,l3SB!uhl$9y0
6,Vanessa,Martinez,danielcrawford@yahoo.com,(hbGGiSdIS7q
5,Travis,Davis,jcantrell@proctor-collins.com,*XoppDvyoj00
4,Gregory,Marquez,john72@baxter-booker.biz,Rb+2PKbi%Fu2
3,Ryan,Hebert,flowersjared@greene-rivas.com,QpN(B#9t^5#H
2,Jamie,Spence,gonzalezsean@gonzalez-smith.net,M97gGYqT+jUO
1,Theodore,Hernandez,ddaniels@aguilar.com,l%1AFFzm_9sm
